lat_grid,lon_grid,total_focos
-22.77,-47.2,679
-22.72,-47.13,373
-22.73,-47.13,202
-22.72,-47.12,178
-22.77,-47.19,150
-22.85,-47.06,77
-22.73,-47.14,66
-22.83,-47.2,63
-22.83,-47.19,63
-22.92,-46.97,56
-22.87,-47.1,56
-22.75,-47.14,55
-22.73,-47.29,54
-22.74,-47.45,53
-22.71,-47.12,52
-22.77,-47.21,51
-22.71,-47.13,51
-22.71,-47.31,49
-22.75,-47.3,49
-22.8,-47.17,48
-22.92,-47.15,47
-22.62,-47.22,46
-22.71,-47.3,46
-22.75,-47.44,45
-22.7,-47.24,45
-22.88,-47.1,44
-22.72,-47.41,42
-22.62,-46.99,42
-22.88,-47.11,41
-23.12,-47.29,40
-22.86,-47.13,39
-22.87,-47.18,38
-22.83,-47.27,37
-22.87,-47.12,36
-22.7,-47.31,36
-22.74,-47.44,35
-22.68,-47.07,34
-22.74,-47.14,34
-22.84,-47.21,34
-22.72,-47.4,33
-22.77,-47.07,33
-22.86,-47.12,33
-22.78,-47.36,33
-23.05,-47.27,33
-22.75,-47.31,32
-23.12,-47.27,32
-22.81,-47.21,31
-22.65,-46.98,31
-22.85,-47.34,31
-22.59,-46.9,31
-22.54,-47.07,31
-22.72,-47.38,31
-22.7,-47.17,31
-22.75,-47.15,31
-22.87,-47.11,30
-22.87,-47.09,30
-23.0,-47.2,30
-22.94,-47.21,29
-22.78,-47.23,29
-22.78,-47.43,29
-22.62,-46.91,29
-22.99,-47.22,28
-22.7,-47.3,28
-22.76,-47.29,28
-22.72,-47.01,28
-22.8,-47.13,28
-22.88,-47.09,28
-22.84,-47.04,28
-22.9,-47.22,28
-23.0,-47.23,27
-22.7,-46.92,27
-22.72,-47.39,27
-22.7,-47.25,27
-22.71,-47.38,27
-22.78,-47.05,27
-22.89,-47.13,27
-22.6,-46.9,27
-22.67,-46.95,26
-22.81,-47.03,26
-22.64,-47.22,26
-22.89,-47.14,26
-22.85,-47.32,26
-23.19,-47.19,26
-22.97,-47.26,26
-23.0,-47.24,26
-22.49,-47.19,26
-22.81,-47.13,26
-22.82,-47.19,26
-22.7,-47.19,26
-22.85,-47.25,25
-22.75,-47.39,25
-22.76,-47.27,25
-22.86,-47.1,25
-22.71,-47.17,25
-22.57,-46.9,25
-22.98,-47.23,24
-22.96,-47.06,24
-23.0,-47.22,24
-22.97,-47.04,24
-22.88,-47.18,24
-22.85,-47.26,24
-22.92,-47.2,24
-22.85,-47.33,24
-22.86,-47.34,24
-22.76,-47.12,24
-22.73,-47.3,24
-22.77,-47.45,24
-22.82,-47.34,24
-22.82,-47.16,24
-22.61,-47.23,24
-22.64,-47.23,24
-22.7,-47.36,23
-22.92,-47.16,23
-22.73,-46.97,23
-22.96,-47.16,23
-22.99,-47.24,23
-23.19,-47.18,23
-22.58,-46.95,23
-23.02,-47.06,23
-23.03,-47.04,23
-22.7,-47.2,23
-22.71,-47.02,23
-22.76,-47.07,23
-22.75,-47.45,23
-22.76,-47.3,23
-22.76,-47.32,23
-22.84,-47.26,23
-22.76,-47.06,23
-22.92,-46.93,23
-22.61,-47.22,23
-22.77,-47.08,23
-22.97,-47.03,22
-22.59,-46.95,22
-23.14,-47.29,22
-22.8,-47.16,22
-22.8,-47.18,22
-22.81,-47.17,22
-22.82,-47.15,22
-22.85,-47.13,22
-22.91,-47.25,22
-22.87,-47.19,22
-22.77,-47.28,22
-22.73,-47.41,22
-22.74,-47.43,22
-23.06,-47.03,22
-22.67,-46.96,22
-22.72,-47.42,22
-22.7,-47.23,22
-22.7,-47.03,22
-22.71,-47.04,22
-22.98,-47.22,21
-22.98,-47.24,21
-22.7,-47.37,21
-22.96,-47.35,21
-22.94,-47.17,21
-22.7,-47.18,21
-22.66,-46.94,21
-22.65,-47.17,21
-22.99,-47.23,21
-22.55,-47.05,21
-22.79,-47.43,21
-22.77,-47.12,21
-22.74,-47.46,21
-22.83,-47.16,21
-22.64,-46.93,21
-22.81,-47.15,21
-22.77,-47.44,21
-22.64,-46.94,21
-22.85,-47.14,21
-22.62,-47.0,21
-22.73,-47.36,21
-22.88,-47.12,21
-22.87,-47.13,21
-22.74,-46.99,21
-22.73,-46.99,21
-22.72,-46.99,21
-22.9,-47.14,21
-22.57,-46.96,21
-23.12,-47.28,21
-22.66,-46.97,21
-22.66,-46.95,21
-22.86,-47.18,20
-22.84,-47.27,20
-22.82,-47.35,20
-22.61,-46.91,20
-22.86,-47.28,20
-22.84,-47.1,20
-22.98,-47.27,20
-23.11,-47.29,20
-22.8,-47.38,20
-23.05,-46.94,20
-22.67,-47.15,20
-22.82,-47.04,20
-22.81,-47.16,20
-22.74,-47.03,20
-22.48,-47.19,20
-22.98,-46.96,20
-22.7,-47.13,20
-22.94,-47.22,20
-22.97,-46.72,20
-22.83,-47.34,20
-22.83,-47.45,20
-22.5,-47.14,20
-22.62,-46.9,20
-23.09,-47.28,20
-23.01,-47.09,20
-22.91,-47.15,20
-22.92,-47.19,20
-22.58,-46.93,20
-22.92,-47.38,20
-22.85,-47.1,20
-23.01,-47.06,20
-22.69,-47.0,20
-22.69,-47.03,20
-22.75,-47.26,20
-22.54,-47.12,19
-22.76,-47.22,19
-23.03,-46.86,19
-22.87,-47.16,19
-22.69,-47.23,19
-22.88,-47.4,19
-22.73,-47.02,19
-22.84,-47.44,19
-22.95,-46.94,19
-22.99,-47.11,19
-22.45,-47.21,19
-22.99,-47.17,19
-23.11,-47.26,19
-22.8,-47.28,19
-23.04,-47.29,19
-22.68,-47.17,19
-22.63,-47.22,19
-22.62,-46.95,19
-22.87,-46.81,19
-22.62,-46.96,19
-22.84,-47.5,19
-22.73,-47.44,19
-22.69,-47.24,19
-22.71,-47.2,19
-22.91,-47.02,19
-22.71,-47.05,19
-22.71,-47.37,19
-22.73,-47.42,18
-22.7,-47.07,18
-23.01,-47.08,18
-22.91,-47.14,18
-22.92,-47.14,18
-22.71,-47.0,18
-22.6,-46.89,18
-22.75,-47.0,18
-22.82,-47.41,18
-22.97,-47.24,18
-23.0,-46.99,18
-22.96,-47.27,18
-22.44,-47.19,18
-22.56,-46.88,18
-22.66,-46.96,18
-22.77,-47.32,18
-22.76,-47.28,18
-22.77,-47.43,18
-22.84,-47.34,18
-22.84,-47.14,18
-22.79,-47.35,18
-22.79,-47.22,18
-23.02,-47.08,18
-22.94,-47.02,17
-22.97,-47.1,17
-22.71,-47.14,17
-22.94,-47.18,17
-23.0,-47.04,17
-22.99,-47.15,17
-22.99,-47.13,17
-22.96,-47.1,17
-22.7,-47.38,17
-22.75,-46.99,17
-22.75,-47.07,17
-22.84,-47.47,17
-22.69,-47.02,17
-22.86,-47.41,17
-22.74,-47.16,17
-22.68,-47.24,17
-22.69,-47.26,17
-22.91,-47.22,17
-22.92,-47.02,17
-22.58,-46.94,17
-22.72,-47.17,17
-22.9,-47.12,17
-22.68,-47.25,17
-22.68,-47.2,17
-22.76,-47.0,17
-22.64,-47.0,17
-22.68,-47.05,17
-22.68,-47.15,17
-22.82,-47.33,17
-22.84,-47.13,17
-22.84,-47.02,17
-22.83,-47.24,17
-22.8,-47.23,17
-22.78,-47.08,17
-22.77,-47.23,17
-22.8,-47.25,17
-22.98,-46.95,17
-22.97,-47.27,17
-22.54,-47.14,17
-22.54,-47.13,17
-22.5,-47.22,17
-23.1,-47.29,16
-22.78,-47.42,16
-22.78,-47.22,16
-22.79,-47.17,16
-22.97,-47.36,16
-22.94,-47.23,16
-22.8,-47.15,16
-22.83,-47.33,16
-22.83,-47.21,16
-22.84,-47.23,16
-22.84,-47.01,16
-23.0,-47.21,16
-22.98,-47.08,16
-22.49,-47.2,16
-22.87,-47.41,16
-22.52,-47.07,16
-22.52,-47.22,16
-22.98,-47.25,16
-22.51,-47.22,16
-23.17,-47.21,16
-22.68,-47.22,16
-22.98,-46.97,16
-22.5,-47.24,16
-22.72,-47.43,16
-22.86,-47.36,16
-22.86,-47.26,16
-22.85,-47.21,16
-22.61,-46.98,16
-22.6,-47.22,16
-23.14,-47.26,16
-22.69,-46.93,16
-22.63,-46.93,16
-22.67,-46.94,16
-22.75,-47.02,16
-23.06,-47.0,16
-22.84,-47.46,16
-22.75,-47.43,16
-22.69,-47.25,16
-22.83,-47.37,16
-22.87,-47.4,16
-22.71,-47.39,16
-22.91,-47.26,15
-22.67,-47.14,15
-22.71,-47.18,15
-22.79,-47.12,15
-22.78,-47.06,15
-22.77,-47.05,15
-23.04,-47.07,15
-22.66,-47.15,15
-22.58,-46.98,15
-22.58,-47.0,15
-22.93,-47.37,15
-22.75,-47.46,15
-22.92,-46.99,15
-22.85,-47.12,15
-22.98,-47.04,15
-22.74,-47.02,15
-22.68,-47.18,15
-22.89,-47.11,15
-22.54,-47.16,15
-22.98,-47.29,15
-22.72,-47.14,15
-22.6,-46.91,15
-22.61,-46.88,15
-22.86,-46.82,15
-22.74,-47.28,15
-22.86,-46.99,15
-23.14,-47.15,15
-22.62,-47.23,15
-22.85,-47.22,15
-22.87,-47.26,15
-22.96,-47.07,15
-22.95,-47.2,15
-22.94,-47.15,15
-22.95,-47.04,15
-22.63,-47.23,15
-22.64,-47.13,15
-22.82,-47.32,15
-22.7,-47.28,15
-22.83,-47.22,15
-23.03,-47.05,15
-22.8,-47.21,15
-22.78,-47.13,15
-22.99,-47.1,15
-22.78,-47.44,15
-22.84,-47.11,15
-22.82,-47.13,15
-23.08,-47.28,15
-22.76,-47.05,15
-22.68,-47.1,15
-22.83,-47.15,15
-22.65,-46.94,14
-23.12,-47.22,14
-23.08,-47.15,14
-22.82,-47.42,14
-22.76,-47.46,14
-22.76,-47.44,14
-22.65,-46.9,14
-22.67,-47.2,14
-22.81,-47.26,14
-22.97,-46.97,14
-22.8,-47.2,14
-22.97,-46.98,14
-22.97,-47.23,14
-22.98,-47.26,14
-22.88,-47.36,14
-22.48,-47.24,14
-22.73,-47.01,14
-22.73,-47.43,14
-22.89,-47.19,14
-22.73,-47.45,14
-23.01,-47.12,14
-22.9,-47.11,14
-22.87,-47.17,14
-22.9,-47.19,14
-23.01,-47.33,14
-22.87,-46.82,14
-22.71,-47.36,14
-22.91,-46.97,14
-22.63,-46.95,14
-22.83,-47.35,14
-22.74,-47.35,14
-22.75,-47.03,14
-22.59,-47.0,14
-22.92,-47.17,14
-22.7,-47.21,14
-22.85,-47.02,14
-22.71,-47.19,14
-22.88,-47.13,14
-22.6,-47.0,14
-22.6,-46.96,14
-22.62,-47.24,14
-22.63,-46.94,14
-23.03,-46.96,14
-22.83,-47.36,14
-22.96,-47.26,14
-22.8,-47.22,14
-22.78,-47.12,14
-22.78,-47.32,14
-22.8,-47.47,14
-22.95,-47.02,14
-22.59,-47.21,14
-22.96,-47.17,14
-22.95,-47.21,14
-22.79,-47.39,14
-22.96,-47.02,14
-23.08,-47.19,14
-22.57,-46.88,14
-22.78,-47.39,14
-22.96,-47.18,14
-22.45,-47.22,14
-22.69,-47.01,14
-22.69,-47.2,14
-22.92,-47.05,14
-22.79,-47.04,13
-22.97,-47.06,13
-22.99,-47.16,13
-22.78,-47.41,13
-22.78,-47.46,13
-22.66,-47.22,13
-22.78,-47.38,13
-23.0,-47.12,13
-22.79,-47.03,13
-22.65,-46.99,13
-22.65,-47.16,13
-22.78,-47.19,13
-22.8,-47.19,13
-22.84,-47.22,13
-22.84,-47.45,13
-22.82,-47.48,13
-22.76,-47.13,13
-22.68,-47.11,13
-22.75,-47.49,13
-22.68,-47.06,13
-22.68,-47.04,13
-22.81,-47.36,13
-22.82,-47.37,13
-22.8,-47.29,13
-23.12,-47.3,13
-22.76,-47.48,13
-22.76,-47.49,13
-22.77,-47.31,13
-22.76,-47.47,13
-23.0,-46.95,13
-22.95,-47.27,13
-22.79,-47.18,13
-22.8,-47.03,13
-22.79,-47.44,13
-22.79,-47.38,13
-22.79,-47.32,13
-22.79,-47.23,13
-22.94,-47.2,13
-22.81,-47.12,13
-22.93,-47.01,13
-22.93,-47.17,13
-23.03,-47.03,13
-22.7,-47.14,13
-22.71,-47.16,13
-22.92,-46.95,13
-22.74,-47.18,13
-22.74,-47.29,13
-22.86,-47.19,13
-22.69,-47.14,13
-23.02,-47.07,13
-22.91,-47.23,13
-22.62,-47.04,13
-22.62,-46.92,13
-22.91,-47.17,13
-22.91,-47.16,13
-22.72,-47.0,13
-23.02,-46.91,13
-22.71,-47.23,13
-23.07,-47.15,13
-22.6,-46.95,13
-22.86,-47.4,13
-23.01,-47.07,13
-22.87,-47.34,13
-22.88,-47.14,13
-22.91,-46.93,13
-22.88,-47.35,13
-22.9,-47.36,13
-22.88,-47.15,13
-22.91,-47.01,13
-22.98,-47.11,13
-23.01,-46.99,13
-22.52,-47.19,13
-22.97,-47.16,13
-22.98,-47.3,13
-22.53,-47.08,13
-22.51,-47.07,13
-22.51,-47.2,13
-22.5,-47.15,12
-22.5,-47.17,12
-22.51,-47.18,12
-22.99,-47.05,12
-22.97,-47.09,12
-22.97,-47.22,12
-22.51,-47.23,12
-23.17,-47.15,12
-22.52,-47.18,12
-22.49,-47.17,12
-22.69,-46.92,12
-22.89,-47.3,12
-22.88,-47.16,12
-23.01,-47.32,12
-22.88,-47.19,12
-22.88,-47.21,12
-22.88,-47.24,12
-22.88,-47.26,12
-22.91,-46.95,12
-23.08,-46.84,12
-22.71,-47.35,12
-22.72,-47.33,12
-22.86,-47.33,12
-22.86,-47.38,12
-22.87,-46.93,12
-22.61,-47.15,12
-22.86,-46.93,12
-22.86,-47.11,12
-22.74,-47.07,12
-22.74,-47.17,12
-22.86,-47.25,12
-22.85,-47.15,12
-22.63,-46.92,12
-22.63,-46.99,12
-22.63,-47.18,12
-23.02,-47.05,12
-22.92,-46.94,12
-22.57,-46.93,12
-22.57,-46.95,12
-22.58,-46.97,12
-22.59,-47.2,12
-22.75,-47.24,12
-22.75,-47.27,12
-23.1,-47.28,12
-22.85,-46.8,12
-22.85,-47.08,12
-23.0,-47.25,12
-22.93,-47.0,12
-22.71,-46.91,12
-23.09,-46.84,12
-22.69,-47.27,12
-22.69,-47.31,12
-22.93,-47.12,12
-22.83,-47.44,12
-22.84,-47.15,12
-22.84,-47.25,12
-22.84,-47.33,12
-22.84,-47.38,12
-22.82,-47.47,12
-22.68,-47.13,12
-22.76,-47.25,12
-22.82,-46.94,12
-22.82,-47.17,12
-22.82,-47.4,12
-22.82,-47.46,12
-22.8,-47.32,12
-22.8,-47.35,12
-22.77,-46.89,12
-22.77,-47.13,12
-22.77,-47.47,12
-22.63,-47.21,12
-23.0,-47.13,12
-22.96,-47.12,12
-22.79,-47.42,12
-22.79,-47.5,12
-22.8,-47.12,12
-22.78,-47.07,12
-22.65,-46.95,12
-23.11,-47.28,12
-22.79,-47.16,12
-22.56,-46.99,12
-22.97,-47.28,12
-22.99,-47.25,12
-22.65,-47.22,12
-22.78,-47.37,12
-22.96,-47.3,12
-22.99,-46.96,12
-22.99,-46.97,12
-22.96,-47.36,12
-22.44,-47.21,12
-22.48,-47.22,12
-22.62,-47.2,11
-22.62,-47.16,11
-22.48,-47.16,11
-22.48,-47.18,11
-22.59,-46.92,11
-22.84,-47.2,11
-22.99,-47.06,11
-22.78,-47.04,11
-22.85,-47.03,11
-22.97,-47.35,11
-22.98,-47.2,11
-22.98,-46.89,11
-22.78,-47.24,11
-23.02,-47.09,11
-22.77,-47.22,11
-22.64,-46.95,11
-22.98,-47.06,11
-22.98,-47.09,11
-22.98,-47.1,11
-23.03,-46.87,11
-22.76,-47.39,11
-22.87,-47.35,11
-22.75,-47.17,11
-22.74,-47.42,11
-22.74,-47.49,11
-22.75,-47.01,11
-23.06,-47.02,11
-22.99,-47.2,11
-23.16,-47.19,11
-23.16,-47.18,11
-22.65,-47.0,11
-22.57,-46.98,11
-22.65,-47.15,11
-22.74,-47.25,11
-23.06,-47.25,11
-23.06,-47.26,11
-23.16,-47.13,11
-22.6,-46.97,11
-22.88,-47.01,11
-22.64,-47.21,11
-22.84,-47.03,11
-22.75,-47.25,11
-23.02,-46.86,11
-22.87,-46.94,11
-22.86,-47.35,11
-22.86,-47.31,11
-22.58,-47.21,11
-22.84,-46.88,11
-22.58,-46.88,11
-22.57,-47.22,11
-23.02,-46.9,11
-22.86,-47.14,11
-22.9,-47.13,11
-22.9,-47.33,11
-22.62,-47.01,11
-23.18,-47.22,11
-22.49,-47.24,11
-22.7,-47.27,11
-22.92,-47.25,11
-23.0,-47.08,11
-22.92,-47.37,11
-22.82,-47.45,11
-22.93,-47.2,11
-22.92,-47.13,11
-22.92,-47.31,11
-22.7,-46.93,11
-23.0,-47.0,11
-22.92,-47.23,11
-22.94,-47.24,11
-22.81,-47.01,11
-22.8,-47.26,11
-22.94,-46.96,11
-23.09,-46.83,11
-22.47,-47.1,11
-22.62,-47.15,11
-22.68,-47.14,11
-22.67,-47.22,11
-23.04,-46.93,11
-22.69,-47.18,11
-22.93,-47.21,11
-23.08,-47.17,11
-23.08,-47.0,11
-22.92,-46.96,11
-22.83,-47.04,11
-22.71,-47.25,11
-22.66,-47.16,11
-22.96,-47.21,11
-22.66,-47.2,11
-22.83,-47.14,11
-23.04,-47.06,11
-22.79,-47.06,11
-22.79,-47.09,11
-22.71,-47.32,11
-22.53,-47.14,11
-22.92,-47.03,11
-22.92,-47.01,11
-22.7,-47.29,11
-22.71,-46.98,11
-22.96,-47.13,11
-22.82,-47.01,11
-23.01,-47.05,11
-22.54,-47.18,11
-22.89,-47.39,11
-22.72,-47.23,11
-22.72,-47.3,11
-22.9,-47.15,11
-22.96,-47.15,11
-23.03,-47.07,11
-22.81,-47.35,11
-22.73,-47.4,11
-22.89,-47.25,11
-22.54,-47.08,11
-22.73,-47.39,11
-22.74,-46.89,11
-22.76,-47.45,10
-22.86,-47.24,10
-22.88,-47.37,10
-22.88,-47.39,10
-22.6,-47.07,10
-22.55,-46.88,10
-22.74,-47.5,10
-22.97,-47.21,10
-22.88,-47.02,10
-22.88,-47.32,10
-22.99,-47.29,10
-22.97,-47.02,10
-22.97,-47.05,10
-22.65,-46.93,10
-23.14,-47.23,10
-23.02,-46.85,10
-22.57,-47.16,10
-22.97,-47.11,10
-22.59,-47.23,10
-22.56,-47.13,10
-22.86,-47.32,10
-22.86,-46.94,10
-22.58,-46.92,10
-23.13,-47.21,10
-22.64,-47.16,10
-22.86,-47.42,10
-22.76,-47.24,10
-22.97,-47.37,10
-22.98,-46.77,10
-22.87,-47.15,10
-22.6,-46.92,10
-22.76,-47.02,10
-22.84,-47.09,10
-22.75,-47.47,10
-22.57,-47.21,10
-22.78,-47.28,10
-22.59,-46.89,10
-22.78,-47.3,10
-23.02,-47.31,10
-22.98,-47.21,10
-22.63,-47.0,10
-22.78,-47.45,10
-22.84,-47.49,10
-22.48,-47.1,10
-22.62,-47.18,10
-22.85,-47.0,10
-22.85,-47.24,10
-22.63,-47.14,10
-23.05,-46.93,10
-22.64,-46.92,10
-22.77,-47.02,10
-23.15,-47.25,10
-22.77,-47.29,10
-22.77,-47.42,10
-22.85,-47.23,10
-22.84,-47.35,10
-22.77,-46.99,10
-22.84,-47.12,10
-22.84,-47.28,10
-22.84,-47.24,10
-22.84,-47.37,10
-22.98,-46.91,10
-22.85,-47.49,10
-23.05,-47.08,10
-22.89,-47.36,10
-22.9,-47.16,10
-22.91,-47.24,10
-22.91,-47.18,10
-22.8,-47.43,10
-22.72,-47.18,10
-22.8,-47.44,10
-22.61,-46.9,10
-22.53,-47.13,10
-22.71,-47.4,10
-22.83,-47.09,10
-22.72,-47.06,10
-22.72,-47.02,10
-22.67,-46.92,10
-22.73,-47.03,10
-22.73,-47.04,10
-22.73,-47.0,10
-22.74,-47.0,10
-23.03,-46.94,10
-22.79,-47.15,10
-22.54,-47.06,10
-22.81,-47.31,10
-22.8,-47.4,10
-22.89,-47.23,10
-22.66,-47.17,10
-22.83,-47.26,10
-22.65,-47.23,10
-22.66,-46.91,10
-22.66,-46.92,10
-22.92,-47.24,10
-22.52,-47.09,10
-23.0,-47.27,10
-23.0,-47.26,10
-22.92,-47.36,10
-23.0,-47.07,10
-22.93,-47.27,10
-22.69,-47.37,10
-22.68,-46.96,10
-22.68,-46.98,10
-23.1,-47.26,10
-23.1,-47.27,10
-22.71,-47.24,10
-23.0,-47.28,10
-23.17,-47.14,10
-23.17,-47.19,10
-22.61,-47.01,10
-23.04,-46.94,10
-23.09,-47.29,10
-22.61,-46.99,10
-22.93,-47.38,10
-22.94,-46.92,10
-23.03,-47.08,10
-23.03,-47.09,10
-22.94,-47.01,10
-22.94,-47.07,10
-22.69,-47.1,10
-23.09,-47.01,10
-22.68,-47.21,10
-22.5,-47.23,10
-22.51,-47.09,10
-22.95,-47.12,10
-22.95,-47.15,10
-22.81,-47.14,10
-22.68,-47.12,10
-22.63,-46.96,10
-22.81,-47.04,10
-22.99,-47.07,9
-22.73,-47.05,9
-22.66,-47.1,9
-22.52,-47.23,9
-22.53,-47.06,9
-22.53,-47.16,9
-22.79,-47.05,9
-23.03,-46.93,9
-22.84,-47.36,9
-22.57,-46.91,9
-22.77,-47.3,9
-22.77,-47.36,9
-22.85,-47.35,9
-22.99,-47.08,9
-22.99,-47.18,9
-22.63,-47.15,9
-22.64,-46.91,9
-22.79,-47.13,9
-22.73,-47.26,9
-22.72,-47.44,9
-22.53,-47.17,9
-22.91,-47.2,9
-22.91,-47.21,9
-22.61,-46.94,9
-22.72,-47.16,9
-22.72,-47.19,9
-22.72,-46.91,9
-22.71,-47.28,9
-22.91,-46.94,9
-22.89,-47.34,9
-22.85,-47.48,9
-22.68,-47.23,9
-22.69,-47.08,9
-22.94,-47.26,9
-22.94,-47.27,9
-22.5,-47.11,9
-23.13,-47.29,9
-22.59,-47.12,9
-22.69,-47.22,9
-23.0,-47.17,9
-22.77,-47.11,9
-22.85,-47.44,9
-22.6,-47.2,9
-22.8,-47.48,9
-22.67,-47.18,9
-23.07,-47.03,9
-22.57,-47.18,9
-22.57,-47.2,9
-22.81,-47.28,9
-22.8,-47.39,9
-23.0,-46.86,9
-23.07,-47.12,9
-22.89,-47.1,9
-22.89,-47.18,9
-23.04,-47.05,9
-22.71,-46.99,9
-22.91,-47.35,9
-22.79,-46.9,9
-23.04,-47.22,9
-22.51,-47.21,9
-22.82,-46.92,9
-22.84,-46.95,9
-22.58,-46.96,9
-22.58,-46.99,9
-22.58,-47.03,9
-22.81,-47.4,9
-22.57,-47.09,9
-23.02,-46.94,9
-22.97,-47.32,9
-22.97,-47.33,9
-23.13,-47.2,9
-22.64,-47.17,9
-23.16,-47.21,9
-23.16,-47.22,9
-22.61,-46.97,9
-22.59,-47.22,9
-22.58,-47.2,9
-22.58,-47.22,9
-22.58,-47.23,9
-23.15,-47.29,9
-22.71,-47.15,9
-22.79,-47.36,9
-22.65,-46.92,9
-22.76,-47.31,9
-22.93,-47.18,9
-22.93,-47.19,9
-22.61,-46.95,9
-22.82,-47.14,9
-22.87,-47.02,9
-22.98,-46.8,9
-22.97,-47.29,9
-22.87,-47.39,9
-22.61,-47.19,9
-23.18,-47.19,9
-23.18,-47.2,9
-23.06,-47.12,9
-22.74,-47.36,9
-22.99,-47.26,9
-22.99,-47.28,9
-22.92,-47.21,9
-22.7,-47.15,9
-22.7,-47.26,9
-23.14,-47.2,9
-22.75,-47.13,9
-22.87,-47.25,9
-22.82,-47.43,9
-22.7,-47.09,9
-22.93,-47.02,9
-22.76,-47.03,9
-22.75,-47.28,9
-22.76,-47.21,9
-23.08,-47.18,9
-22.67,-47.16,9
-22.67,-47.17,9
-22.67,-47.25,9
-22.7,-47.02,9
-22.83,-47.41,9
-22.83,-47.48,9
-22.58,-47.13,9
-22.48,-47.2,9
-22.83,-47.23,9
-22.72,-46.97,9
-22.72,-46.98,9
-22.96,-47.22,9
-22.96,-47.08,9
-22.96,-47.11,9
-22.9,-47.35,9
-22.9,-47.39,9
-23.03,-46.9,9
-22.59,-46.91,9
-22.59,-46.98,9
-22.5,-47.13,9
-22.78,-47.09,9
-22.63,-46.97,9
-22.99,-46.8,9
-22.98,-46.82,9
-22.44,-47.2,8
-22.99,-47.04,8
-22.78,-47.15,8
-22.78,-47.03,8
-22.68,-47.16,8
-22.99,-46.95,8
-22.59,-46.97,8
-22.78,-47.4,8
-22.9,-47.03,8
-22.89,-47.43,8
-22.9,-47.29,8
-22.96,-47.01,8
-22.62,-47.03,8
-23.18,-47.18,8
-22.47,-47.18,8
-22.87,-47.31,8
-22.75,-47.36,8
-22.83,-47.51,8
-22.83,-47.49,8
-23.0,-46.98,8
-23.0,-46.96,8
-22.95,-46.93,8
-22.67,-47.13,8
-22.76,-46.89,8
-22.76,-46.97,8
-23.06,-46.95,8
-22.7,-47.04,8
-22.92,-47.26,8
-22.82,-47.39,8
-22.83,-46.91,8
-23.04,-47.18,8
-22.55,-47.21,8
-22.55,-47.13,8
-22.84,-47.0,8
-23.14,-47.18,8
-22.87,-47.37,8
-22.52,-47.08,8
-22.7,-47.22,8
-22.92,-47.22,8
-23.1,-47.3,8
-22.99,-47.21,8
-22.49,-47.23,8
-22.95,-47.08,8
-22.96,-46.94,8
-22.62,-46.94,8
-22.61,-47.21,8
-22.71,-46.89,8
-22.75,-47.2,8
-22.87,-47.27,8
-22.74,-47.23,8
-22.74,-47.19,8
-22.98,-46.78,8
-22.87,-46.95,8
-23.04,-47.14,8
-22.8,-46.94,8
-22.82,-47.18,8
-22.93,-47.16,8
-22.93,-47.15,8
-22.93,-47.14,8
-22.75,-46.92,8
-22.65,-47.14,8
-22.83,-46.97,8
-22.79,-47.25,8
-22.91,-47.27,8
-23.08,-47.27,8
-22.71,-46.96,8
-22.65,-47.13,8
-23.17,-47.22,8
-22.97,-47.2,8
-23.16,-47.14,8
-22.84,-46.85,8
-22.56,-46.96,8
-22.61,-47.0,8
-22.61,-46.96,8
-22.69,-47.15,8
-22.95,-47.1,8
-22.58,-46.91,8
-23.13,-47.3,8
-22.84,-46.9,8
-22.82,-46.95,8
-22.82,-47.38,8
-22.82,-47.26,8
-22.6,-46.98,8
-22.88,-47.3,8
-23.01,-46.91,8
-23.08,-46.99,8
-22.74,-47.04,8
-22.74,-46.91,8
-22.8,-47.36,8
-22.73,-47.37,8
-22.67,-47.03,8
-22.67,-47.21,8
-22.67,-47.19,8
-22.8,-47.46,8
-22.81,-47.47,8
-22.82,-47.0,8
-23.07,-47.14,8
-23.01,-47.1,8
-22.86,-47.03,8
-22.86,-47.0,8
-22.82,-47.12,8
-23.03,-47.16,8
-23.03,-47.15,8
-22.8,-47.24,8
-22.8,-47.14,8
-22.77,-47.06,8
-22.86,-47.23,8
-22.85,-47.5,8
-22.86,-47.08,8
-22.84,-47.32,8
-22.84,-47.29,8
-22.8,-47.04,8
-22.69,-47.07,8
-22.69,-47.13,8
-22.94,-47.36,8
-23.13,-47.22,8
-22.98,-47.18,8
-22.98,-47.17,8
-22.89,-47.33,8
-22.72,-46.95,8
-23.03,-47.01,8
-23.12,-47.2,8
-22.95,-46.99,8
-22.68,-47.08,8
-22.51,-47.08,8
-22.77,-47.38,8
-22.77,-47.01,8
-22.57,-46.89,8
-22.57,-47.02,8
-22.83,-47.4,8
-22.79,-47.02,8
-22.53,-47.15,8
-22.53,-47.07,8
-22.91,-46.96,8
-22.96,-47.39,8
-22.72,-47.36,8
-22.9,-47.21,8
-22.84,-47.52,8
-22.77,-47.49,8
-22.77,-47.48,8
-22.78,-47.17,8
-22.62,-47.21,8
-22.48,-47.23,8
-22.46,-47.21,8
-22.63,-46.91,8
-22.81,-46.89,8
-23.03,-47.27,8
-22.81,-47.22,8
-22.48,-47.13,7
-22.81,-47.23,7
-22.8,-47.49,7
-22.99,-46.9,7
-22.78,-47.0,7
-22.85,-46.9,7
-22.59,-46.93,7
-22.78,-47.35,7
-22.78,-47.31,7
-22.78,-47.29,7
-22.78,-47.27,7
-22.9,-47.4,7
-22.9,-47.34,7
-22.9,-47.27,7
-22.72,-47.05,7
-22.96,-47.03,7
-22.67,-46.93,7
-22.96,-47.23,7
-23.11,-47.3,7
-22.99,-47.09,7
-22.85,-47.31,7
-22.85,-47.29,7
-22.85,-47.19,7
-22.95,-47.01,7
-22.95,-47.24,7
-22.95,-47.19,7
-22.95,-47.18,7
-22.95,-47.17,7
-22.52,-47.2,7
-22.52,-47.17,7
-22.65,-47.21,7
-22.65,-47.18,7
-22.66,-47.13,7
-22.96,-47.38,7
-22.96,-47.37,7
-22.96,-47.32,7
-22.9,-46.94,7
-22.72,-47.37,7
-22.72,-47.29,7
-22.91,-47.13,7
-23.07,-47.02,7
-23.07,-46.99,7
-22.73,-47.06,7
-22.73,-47.19,7
-23.03,-47.02,7
-22.57,-47.01,7
-22.57,-47.0,7
-22.83,-47.29,7
-22.83,-47.17,7
-22.83,-47.12,7
-22.95,-47.11,7
-22.51,-47.12,7
-22.5,-47.21,7
-22.85,-47.17,7
-22.77,-47.46,7
-22.77,-47.33,7
-22.77,-47.27,7
-22.85,-47.4,7
-23.15,-47.26,7
-22.73,-47.28,7
-22.73,-47.18,7
-22.73,-47.17,7
-23.07,-47.13,7
-22.89,-47.32,7
-22.89,-47.29,7
-22.89,-47.24,7
-22.53,-47.21,7
-22.71,-47.33,7
-22.71,-47.29,7
-23.0,-46.81,7
-22.81,-47.34,7
-22.74,-46.88,7
-22.61,-47.16,7
-22.81,-47.46,7
-22.82,-47.1,7
-22.61,-46.92,7
-22.6,-47.21,7
-22.99,-47.33,7
-22.68,-47.26,7
-22.95,-47.03,7
-23.13,-47.25,7
-22.86,-47.01,7
-23.0,-47.16,7
-23.03,-47.11,7
-22.8,-47.11,7
-22.86,-47.3,7
-22.86,-47.17,7
-23.05,-47.09,7
-22.77,-46.9,7
-23.02,-47.02,7
-22.81,-47.38,7
-23.08,-47.12,7
-23.08,-47.02,7
-23.04,-47.04,7
-22.88,-47.38,7
-22.74,-47.06,7
-22.74,-47.01,7
-22.89,-47.22,7
-22.89,-47.12,7
-22.89,-47.02,7
-22.78,-47.49,7
-22.54,-47.2,7
-23.06,-47.28,7
-22.88,-47.31,7
-22.91,-47.37,7
-23.08,-47.13,7
-23.09,-47.27,7
-22.82,-47.36,7
-23.04,-46.96,7
-23.04,-46.92,7
-22.52,-47.06,7
-22.51,-47.19,7
-23.04,-47.21,7
-22.76,-47.17,7
-22.56,-47.14,7
-22.56,-47.05,7
-22.86,-47.44,7
-23.0,-47.06,7
-22.61,-47.07,7
-22.61,-47.04,7
-22.61,-47.03,7
-22.71,-47.26,7
-22.7,-47.11,7
-23.11,-47.27,7
-23.11,-47.24,7
-22.67,-47.23,7
-22.97,-47.4,7
-22.8,-46.97,7
-22.93,-47.22,7
-23.0,-47.15,7
-22.76,-47.26,7
-23.06,-46.75,7
-22.87,-47.08,7
-22.6,-46.94,7
-22.56,-46.89,7
-22.93,-46.93,7
-22.69,-47.36,7
-22.69,-47.3,7
-22.82,-47.44,7
-22.61,-47.2,7
-22.74,-47.47,7
-22.74,-47.39,7
-22.88,-46.8,7
-22.88,-47.25,7
-22.88,-47.17,7
-23.06,-47.21,7
-22.74,-47.27,7
-22.79,-47.24,7
-22.79,-47.33,7
-22.7,-47.16,7
-22.92,-47.18,7
-22.97,-47.08,7
-22.97,-46.96,7
-22.99,-47.3,7
-22.87,-47.32,7
-22.88,-46.94,7
-22.71,-46.92,7
-22.49,-47.18,7
-22.55,-47.11,7
-22.75,-47.37,7
-22.75,-47.29,7
-22.83,-47.46,7
-23.1,-47.24,7
-22.68,-46.95,7
-22.7,-46.97,7
-23.0,-47.34,7
-22.84,-47.05,7
-23.15,-47.14,7
-23.14,-47.25,7
-23.14,-47.24,7
-22.97,-47.13,7
-22.7,-47.32,7
-23.17,-47.17,7
-23.17,-47.16,7
-22.63,-47.07,7
-22.78,-47.02,7
-22.5,-47.19,7
-23.09,-47.26,7
-22.95,-46.78,7
-22.94,-47.38,7
-22.94,-47.37,7
-22.47,-47.17,7
-22.45,-47.19,7
-23.18,-47.24,7
-22.44,-47.22,7
-22.81,-47.18,7
-22.47,-47.16,7
-22.47,-47.11,7
-23.12,-47.21,7
-22.81,-46.94,7
-22.81,-47.02,7
-22.81,-47.25,6
-22.84,-47.41,6
-22.84,-47.42,6
-22.84,-47.48,6
-22.48,-47.14,6
-22.45,-47.18,6
-22.47,-47.19,6
-23.19,-47.17,6
-22.46,-47.18,6
-22.46,-47.19,6
-22.5,-47.18,6
-22.63,-46.98,6
-22.63,-47.06,6
-22.63,-47.1,6
-22.98,-47.38,6
-22.92,-47.32,6
-22.92,-47.35,6
-22.92,-47.12,6
-23.17,-47.18,6
-22.52,-47.12,6
-22.97,-47.12,6
-22.87,-47.36,6
-23.14,-47.28,6
-23.06,-47.14,6
-22.75,-47.08,6
-23.08,-47.25,6
-22.5,-47.09,6
-22.95,-47.3,6
-22.58,-47.12,6
-22.58,-47.18,6
-22.55,-47.15,6
-22.95,-47.34,6
-22.49,-47.21,6
-22.75,-46.96,6
-22.75,-47.06,6
-22.88,-46.84,6
-22.97,-47.34,6
-22.65,-46.96,6
-22.79,-47.41,6
-22.83,-46.95,6
-22.83,-47.01,6
-23.01,-47.16,6
-22.71,-46.9,6
-22.61,-47.18,6
-22.82,-47.51,6
-22.7,-47.05,6
-22.7,-47.06,6
-22.93,-46.96,6
-22.75,-47.48,6
-22.6,-46.93,6
-22.76,-46.92,6
-22.76,-47.33,6
-22.93,-47.24,6
-22.93,-47.26,6
-22.8,-46.92,6
-22.87,-47.0,6
-22.87,-47.01,6
-22.97,-47.38,6
-22.97,-47.39,6
-22.64,-47.18,6
-23.02,-47.04,6
-22.69,-47.21,6
-22.79,-46.84,6
-22.79,-46.86,6
-23.16,-47.15,6
-22.57,-46.97,6
-22.97,-47.17,6
-22.97,-46.88,6
-23.11,-47.21,6
-22.66,-46.98,6
-23.17,-47.2,6
-23.18,-47.16,6
-22.52,-47.14,6
-22.92,-46.98,6
-22.61,-47.02,6
-22.61,-47.09,6
-23.0,-47.14,6
-22.86,-47.39,6
-22.86,-47.43,6
-22.56,-46.97,6
-22.56,-47.07,6
-23.03,-46.81,6
-23.0,-47.1,6
-22.51,-47.15,6
-23.16,-47.2,6
-23.04,-47.0,6
-22.82,-47.3,6
-22.84,-46.96,6
-22.84,-46.99,6
-23.04,-47.28,6
-23.12,-47.26,6
-22.91,-47.38,6
-22.71,-47.03,6
-22.6,-47.16,6
-22.6,-47.02,6
-22.54,-47.19,6
-22.55,-46.98,6
-22.55,-47.06,6
-22.6,-47.12,6
-22.79,-47.2,6
-22.78,-47.48,6
-22.74,-46.98,6
-22.88,-47.33,6
-22.88,-47.41,6
-22.88,-47.42,6
-22.83,-47.06,6
-22.83,-47.07,6
-23.08,-46.83,6
-22.58,-46.89,6
-23.02,-46.96,6
-22.59,-47.08,6
-23.05,-47.12,6
-22.76,-47.38,6
-22.76,-47.4,6
-22.86,-47.29,6
-22.79,-47.48,6
-23.03,-47.13,6
-22.94,-46.97,6
-22.94,-47.03,6
-22.94,-47.08,6
-23.0,-47.09,6
-22.77,-47.14,6
-22.86,-47.02,6
-22.85,-47.43,6
-22.98,-47.19,6
-23.13,-47.27,6
-22.98,-46.88,6
-22.68,-47.27,6
-22.68,-47.37,6
-22.69,-47.04,6
-22.94,-47.25,6
-22.5,-47.12,6
-22.98,-46.9,6
-22.98,-46.92,6
-22.98,-46.94,6
-22.78,-47.18,6
-22.78,-47.2,6
-22.84,-47.16,6
-23.03,-46.75,6
-23.05,-47.25,6
-22.86,-46.8,6
-22.56,-47.22,6
-22.91,-47.1,6
-22.8,-47.41,6
-22.73,-47.49,6
-23.04,-46.85,6
-22.81,-47.32,6
-22.58,-47.05,6
-23.04,-47.02,6
-23.0,-46.88,6
-22.71,-47.34,6
-22.71,-47.42,6
-22.53,-47.18,6
-22.73,-46.93,6
-22.89,-47.35,6
-23.01,-47.04,6
-22.77,-47.0,6
-23.15,-47.24,6
-23.02,-47.13,6
-23.02,-47.16,6
-22.85,-47.11,6
-22.51,-47.1,6
-22.95,-47.13,6
-22.79,-47.1,6
-22.83,-47.08,6
-22.89,-47.41,6
-22.91,-47.19,6
-22.72,-46.94,6
-22.72,-47.22,6
-23.01,-47.11,6
-22.65,-47.26,6
-22.66,-46.93,6
-22.72,-47.1,6
-22.95,-47.22,6
-22.68,-47.02,6
-22.68,-47.03,6
-23.02,-47.28,6
-22.63,-47.16,6
-22.98,-47.07,6
-22.83,-47.25,6
-22.96,-47.25,6
-22.96,-47.28,6
-22.95,-47.38,6
-22.96,-47.04,6
-22.9,-47.02,6
-22.9,-47.18,6
-22.9,-46.84,6
-22.72,-47.26,6
-22.98,-47.15,6
-23.03,-46.89,6
-22.59,-46.94,6
-22.85,-46.94,6
-23.02,-47.32,6
-22.78,-47.01,6
-22.99,-46.89,6
-22.99,-46.93,6
-22.98,-47.39,6
-22.99,-46.83,6
-22.98,-47.32,6
-22.81,-46.88,6
-22.62,-47.12,5
-22.62,-47.11,5
-22.98,-47.31,5
-22.47,-47.24,5
-22.48,-47.17,5
-22.77,-47.41,5
-22.77,-47.4,5
-22.85,-47.01,5
-22.78,-47.34,5
-22.78,-47.33,5
-23.02,-47.27,5
-23.02,-47.26,5
-22.85,-47.27,5
-22.85,-47.09,5
-22.85,-47.07,5
-23.05,-46.98,5
-22.77,-47.35,5
-22.85,-47.42,5
-22.85,-47.41,5
-23.15,-47.2,5
-22.56,-47.21,5
-22.56,-47.19,5
-22.56,-47.18,5
-22.86,-46.81,5
-22.85,-47.51,5
-23.05,-47.24,5
-22.84,-47.51,5
-22.84,-47.39,5
-22.84,-47.31,5
-22.85,-47.46,5
-22.85,-47.45,5
-22.77,-47.04,5
-22.77,-47.03,5
-22.86,-46.83,5
-22.86,-47.2,5
-22.76,-47.43,5
-23.05,-47.16,5
-22.59,-47.19,5
-22.59,-47.18,5
-22.86,-47.09,5
-22.78,-47.47,5
-22.84,-46.92,5
-22.84,-46.89,5
-22.76,-47.19,5
-22.76,-47.14,5
-22.76,-47.11,5
-22.76,-47.08,5
-22.56,-47.16,5
-22.56,-47.06,5
-22.59,-47.24,5
-22.86,-47.37,5
-22.76,-47.2,5
-22.75,-47.23,5
-22.87,-46.83,5
-22.87,-47.14,5
-22.76,-47.01,5
-23.14,-47.17,5
-22.55,-47.16,5
-22.58,-47.08,5
-22.83,-47.5,5
-22.83,-47.42,5
-22.84,-47.08,5
-22.87,-47.44,5
-23.06,-47.13,5
-22.88,-46.95,5
-22.87,-47.28,5
-22.88,-46.82,5
-22.88,-46.81,5
-23.01,-47.25,5
-23.01,-47.24,5
-23.01,-47.23,5
-22.87,-47.38,5
-23.01,-47.31,5
-23.01,-47.27,5
-22.55,-47.08,5
-22.74,-47.15,5
-23.07,-46.79,5
-22.57,-46.94,5
-22.54,-47.21,5
-22.6,-47.11,5
-23.15,-47.19,5
-22.73,-47.27,5
-22.74,-47.08,5
-22.74,-46.93,5
-22.89,-47.03,5
-22.88,-47.43,5
-22.89,-47.31,5
-22.54,-47.15,5
-22.54,-47.05,5
-23.07,-47.01,5
-22.73,-47.2,5
-22.79,-47.19,5
-23.03,-47.06,5
-23.03,-46.99,5
-23.03,-46.95,5
-22.9,-47.01,5
-22.72,-47.21,5
-22.72,-47.2,5
-22.73,-46.98,5
-22.73,-46.95,5
-22.9,-46.8,5
-22.9,-47.08,5
-22.89,-47.42,5
-22.9,-47.42,5
-22.9,-47.41,5
-22.9,-47.3,5
-22.72,-47.04,5
-22.83,-47.11,5
-22.83,-47.1,5
-22.53,-47.12,5
-22.53,-47.11,5
-22.52,-47.21,5
-23.07,-47.19,5
-22.91,-46.73,5
-23.08,-46.8,5
-23.08,-46.82,5
-22.91,-47.11,5
-22.6,-47.14,5
-23.07,-47.24,5
-22.71,-47.11,5
-22.91,-47.36,5
-23.08,-47.14,5
-22.79,-47.21,5
-22.79,-47.4,5
-22.79,-47.37,5
-22.92,-46.92,5
-22.52,-47.16,5
-22.52,-47.15,5
-22.7,-47.12,5
-22.71,-46.95,5
-23.0,-47.29,5
-22.92,-47.33,5
-22.7,-47.0,5
-22.7,-46.96,5
-23.0,-47.33,5
-22.92,-47.39,5
-22.93,-46.99,5
-22.93,-46.98,5
-22.93,-46.94,5
-22.83,-46.89,5
-22.83,-46.84,5
-22.82,-47.5,5
-22.7,-46.9,5
-22.93,-47.28,5
-22.93,-47.31,5
-22.61,-47.08,5
-22.69,-47.19,5
-22.69,-47.17,5
-22.61,-47.12,5
-22.61,-47.11,5
-23.0,-47.18,5
-22.94,-47.04,5
-22.94,-47.0,5
-22.94,-46.99,5
-23.09,-46.8,5
-23.09,-46.78,5
-22.79,-47.49,5
-22.79,-47.47,5
-22.8,-47.05,5
-22.94,-47.19,5
-22.94,-47.14,5
-22.69,-47.05,5
-22.69,-46.97,5
-22.5,-47.16,5
-22.94,-47.34,5
-22.95,-46.97,5
-22.95,-46.88,5
-22.95,-47.09,5
-22.8,-47.02,5
-22.82,-46.93,5
-22.82,-46.91,5
-22.82,-47.31,5
-23.04,-46.97,5
-22.95,-47.07,5
-22.95,-47.29,5
-22.68,-47.01,5
-22.68,-47.0,5
-22.67,-47.26,5
-22.67,-47.11,5
-22.95,-47.25,5
-22.5,-47.08,5
-23.0,-47.02,5
-22.61,-47.17,5
-22.67,-47.02,5
-22.8,-47.27,5
-22.81,-47.48,5
-22.81,-47.45,5
-22.82,-47.09,5
-22.82,-47.05,5
-22.8,-47.42,5
-22.67,-47.0,5
-22.67,-46.97,5
-22.66,-47.26,5
-22.66,-47.21,5
-22.65,-47.19,5
-22.66,-47.14,5
-22.66,-47.09,5
-22.66,-47.08,5
-22.65,-47.24,5
-22.96,-47.34,5
-23.0,-46.82,5
-22.99,-47.36,5
-22.8,-47.37,5
-22.81,-47.37,5
-22.82,-46.88,5
-22.65,-46.91,5
-22.65,-47.11,5
-22.65,-47.1,5
-22.49,-47.14,5
-22.65,-47.03,5
-22.65,-47.02,5
-22.64,-47.09,5
-22.97,-46.85,5
-22.97,-46.82,5
-23.11,-47.16,5
-22.65,-46.97,5
-22.97,-47.07,5
-22.99,-47.27,5
-22.97,-47.3,5
-22.97,-47.25,5
-22.57,-47.13,5
-22.58,-47.02,5
-22.58,-46.9,5
-22.99,-47.34,5
-23.13,-47.28,5
-22.98,-47.05,5
-22.64,-47.03,5
-22.64,-46.99,5
-23.13,-47.15,5
-22.63,-47.2,5
-22.98,-47.36,5
-22.99,-46.84,5
-22.62,-47.09,5
-22.63,-47.03,5
-22.81,-47.05,5
-23.04,-46.76,5
-23.03,-47.28,5
-22.81,-46.86,5
-22.81,-47.2,5
-22.63,-46.9,5
-23.19,-47.16,5
-23.18,-47.23,5
-23.2,-47.12,5
-22.46,-47.22,4
-22.44,-47.18,4
-22.47,-47.23,4
-22.71,-47.41,4
-23.01,-46.82,4
-23.01,-46.9,4
-22.9,-47.43,4
-22.53,-47.05,4
-22.72,-47.07,4
-22.72,-47.09,4
-22.72,-47.11,4
-22.72,-47.15,4
-22.81,-46.93,4
-22.58,-47.01,4
-22.81,-47.39,4
-22.57,-47.03,4
-22.57,-47.07,4
-22.63,-47.08,4
-22.63,-47.09,4
-23.12,-47.19,4
-23.12,-47.23,4
-22.63,-47.02,4
-22.82,-46.84,4
-22.81,-47.3,4
-22.81,-47.33,4
-22.8,-47.3,4
-22.8,-47.45,4
-22.82,-47.03,4
-22.71,-47.43,4
-22.72,-46.92,4
-22.9,-47.23,4
-22.9,-46.83,4
-22.72,-47.31,4
-22.72,-47.32,4
-22.72,-47.35,4
-22.9,-47.38,4
-23.03,-47.23,4
-22.82,-47.2,4
-22.81,-47.42,4
-22.81,-47.44,4
-23.04,-47.01,4
-22.82,-47.21,4
-22.82,-47.24,4
-22.99,-47.12,4
-22.98,-47.34,4
-22.98,-47.02,4
-22.6,-47.13,4
-22.6,-47.19,4
-22.61,-46.89,4
-23.01,-46.97,4
-22.91,-47.12,4
-22.54,-47.17,4
-22.73,-46.96,4
-22.82,-47.52,4
-22.83,-46.85,4
-22.98,-46.98,4
-22.63,-47.24,4
-22.64,-46.96,4
-22.64,-46.98,4
-22.98,-47.12,4
-22.8,-47.1,4
-22.8,-46.85,4
-22.89,-47.37,4
-22.89,-47.38,4
-23.07,-46.87,4
-22.73,-46.9,4
-22.73,-46.91,4
-22.53,-47.19,4
-22.53,-47.22,4
-22.91,-47.0,4
-22.91,-47.03,4
-22.91,-47.07,4
-22.64,-47.2,4
-22.64,-47.25,4
-23.13,-47.17,4
-23.13,-47.24,4
-22.8,-46.87,4
-23.04,-47.13,4
-23.04,-47.16,4
-23.04,-47.2,4
-22.82,-47.49,4
-23.08,-46.98,4
-22.91,-47.31,4
-23.01,-47.0,4
-23.01,-47.03,4
-22.73,-47.12,4
-22.71,-47.01,4
-22.71,-47.06,4
-22.83,-47.32,4
-22.79,-47.34,4
-22.79,-47.46,4
-22.79,-47.28,4
-22.83,-46.92,4
-22.83,-47.02,4
-22.98,-46.76,4
-22.71,-47.07,4
-22.71,-47.22,4
-23.09,-46.76,4
-22.92,-47.09,4
-22.73,-47.33,4
-22.73,-47.38,4
-22.89,-47.21,4
-22.89,-46.81,4
-22.64,-47.08,4
-22.64,-47.11,4
-22.64,-47.14,4
-22.99,-47.19,4
-22.97,-46.95,4
-22.79,-47.01,4
-22.83,-47.18,4
-22.83,-47.28,4
-22.83,-47.3,4
-23.01,-46.78,4
-22.52,-47.1,4
-22.7,-47.35,4
-22.7,-47.39,4
-22.92,-47.34,4
-22.74,-46.96,4
-22.74,-46.97,4
-22.88,-47.44,4
-23.03,-46.79,4
-23.03,-46.82,4
-23.03,-46.85,4
-23.03,-47.0,4
-22.79,-47.11,4
-22.79,-47.14,4
-22.79,-46.87,4
-22.84,-46.86,4
-22.97,-46.87,4
-22.92,-47.27,4
-22.92,-47.28,4
-22.6,-47.1,4
-22.55,-46.99,4
-22.49,-47.11,4
-23.18,-47.13,4
-23.18,-47.14,4
-22.65,-47.04,4
-22.97,-47.14,4
-22.97,-46.8,4
-22.83,-47.43,4
-22.83,-47.47,4
-22.83,-47.52,4
-22.79,-46.98,4
-22.58,-47.15,4
-22.7,-47.08,4
-22.7,-47.1,4
-23.09,-47.14,4
-22.69,-47.28,4
-22.93,-47.04,4
-22.93,-47.08,4
-23.06,-47.24,4
-22.55,-47.09,4
-22.55,-47.1,4
-22.78,-46.99,4
-22.78,-47.11,4
-22.84,-46.91,4
-23.04,-47.27,4
-23.05,-46.75,4
-23.05,-46.76,4
-23.05,-46.8,4
-23.05,-46.85,4
-22.78,-47.26,4
-22.49,-47.1,4
-22.85,-46.86,4
-23.18,-47.17,4
-23.0,-46.83,4
-22.96,-47.4,4
-22.97,-46.73,4
-22.65,-47.25,4
-22.97,-46.91,4
-23.02,-47.23,4
-22.75,-46.91,4
-22.74,-47.24,4
-22.74,-47.26,4
-22.74,-47.31,4
-22.93,-47.23,4
-23.0,-47.19,4
-23.06,-47.04,4
-22.88,-46.85,4
-22.88,-46.96,4
-22.96,-47.31,4
-22.99,-47.37,4
-22.96,-46.99,4
-22.78,-47.16,4
-23.02,-47.33,4
-22.85,-46.84,4
-22.51,-47.17,4
-23.16,-47.23,4
-22.87,-47.45,4
-22.88,-46.74,4
-23.02,-46.83,4
-23.02,-46.84,4
-23.02,-46.87,4
-22.87,-47.2,4
-22.87,-47.23,4
-22.96,-47.05,4
-22.96,-46.78,4
-22.84,-47.43,4
-22.78,-46.89,4
-22.85,-46.89,4
-22.85,-46.96,4
-22.66,-47.07,4
-22.65,-47.2,4
-22.75,-46.97,4
-22.55,-47.18,4
-22.55,-47.2,4
-22.6,-46.88,4
-23.06,-47.18,4
-22.94,-47.05,4
-22.69,-46.96,4
-22.69,-46.98,4
-22.69,-46.99,4
-22.69,-47.09,4
-22.94,-47.16,4
-22.94,-47.3,4
-23.05,-47.28,4
-23.06,-46.76,4
-22.94,-47.32,4
-22.94,-46.93,4
-22.56,-47.17,4
-22.85,-46.99,4
-23.05,-46.95,4
-23.02,-47.17,4
-22.66,-47.25,4
-23.1,-46.8,4
-22.95,-46.96,4
-22.87,-46.76,4
-23.06,-46.87,4
-22.75,-47.5,4
-23.05,-47.26,4
-23.01,-47.34,4
-22.85,-47.47,4
-22.61,-47.14,4
-22.62,-46.97,4
-22.95,-47.36,4
-22.96,-46.74,4
-22.62,-47.02,4
-23.02,-47.1,4
-22.94,-47.39,4
-22.68,-47.19,4
-22.56,-47.11,4
-22.76,-47.23,4
-23.02,-47.03,4
-22.86,-47.47,4
-22.67,-47.12,4
-22.67,-47.06,4
-22.56,-47.2,4
-23.15,-47.22,4
-22.77,-47.09,4
-22.77,-46.97,4
-23.05,-47.07,4
-22.95,-47.28,4
-23.0,-46.9,4
-23.0,-46.91,4
-23.0,-46.94,4
-22.86,-47.16,4
-22.59,-47.09,4
-22.59,-47.1,4
-22.59,-47.13,4
-22.87,-46.8,4
-22.76,-47.37,4
-22.86,-47.21,4
-22.86,-47.22,4
-22.86,-46.95,4
-22.49,-47.15,4
-22.5,-47.1,4
-22.67,-47.09,4
-22.81,-47.06,4
-22.81,-47.08,4
-22.81,-47.11,4
-23.03,-47.3,4
-22.99,-46.94,4
-22.99,-46.98,4
-22.99,-47.01,4
-22.62,-47.14,4
-22.47,-47.22,4
-22.47,-47.21,4
-22.48,-47.08,4
-23.2,-47.16,3
-23.2,-47.17,3
-22.43,-47.2,3
-22.48,-47.07,3
-22.48,-47.11,3
-22.48,-47.12,3
-22.48,-47.21,3
-22.47,-47.2,3
-22.98,-47.28,3
-22.99,-46.86,3
-22.99,-46.85,3
-23.12,-47.18,3
-22.82,-46.87,3
-22.81,-47.29,3
-22.58,-47.04,3
-22.8,-47.31,3
-23.08,-46.81,3
-22.72,-46.9,3
-22.9,-47.26,3
-22.72,-47.34,3
-22.72,-47.03,3
-22.9,-47.31,3
-22.9,-47.37,3
-23.07,-47.2,3
-22.81,-47.49,3
-23.04,-46.86,3
-23.04,-46.87,3
-23.1,-47.15,3
-22.61,-47.13,3
-23.15,-47.21,3
-23.15,-47.23,3
-22.77,-47.15,3
-22.77,-46.98,3
-22.68,-46.94,3
-22.68,-46.97,3
-22.68,-46.99,3
-22.95,-47.26,3
-22.95,-47.31,3
-23.02,-46.95,3
-22.86,-47.15,3
-22.59,-47.15,3
-22.59,-47.16,3
-22.87,-46.79,3
-22.85,-47.37,3
-22.85,-47.38,3
-22.85,-47.39,3
-22.95,-47.05,3
-22.94,-47.35,3
-22.95,-46.77,3
-23.09,-47.24,3
-22.67,-47.24,3
-22.95,-47.23,3
-22.95,-46.86,3
-22.56,-46.98,3
-22.56,-47.12,3
-22.76,-47.16,3
-22.67,-47.05,3
-22.67,-47.07,3
-23.1,-47.01,3
-22.66,-47.24,3
-22.95,-46.81,3
-22.95,-46.84,3
-22.5,-47.2,3
-23.1,-46.78,3
-23.06,-46.88,3
-23.06,-46.9,3
-22.76,-46.99,3
-22.76,-47.04,3
-22.76,-46.9,3
-22.96,-46.92,3
-22.96,-46.95,3
-23.0,-47.05,3
-22.96,-46.7,3
-22.96,-46.73,3
-22.85,-47.36,3
-22.94,-47.09,3
-22.87,-46.89,3
-22.87,-46.9,3
-22.75,-47.22,3
-22.55,-47.17,3
-22.94,-46.91,3
-22.77,-47.25,3
-22.77,-47.26,3
-22.77,-47.37,3
-23.05,-47.22,3
-22.85,-47.05,3
-23.05,-46.97,3
-23.05,-47.01,3
-22.77,-47.24,3
-22.85,-47.3,3
-22.66,-47.23,3
-22.96,-47.09,3
-22.96,-46.77,3
-22.96,-46.79,3
-22.59,-46.96,3
-22.59,-46.99,3
-22.66,-47.18,3
-22.55,-47.19,3
-22.56,-46.93,3
-22.87,-47.07,3
-22.6,-46.87,3
-23.14,-47.19,3
-23.14,-47.22,3
-23.06,-47.15,3
-23.06,-47.16,3
-22.75,-47.1,3
-22.69,-46.94,3
-23.05,-47.04,3
-23.05,-47.05,3
-22.78,-46.86,3
-23.03,-46.73,3
-22.85,-46.79,3
-22.85,-46.81,3
-22.85,-46.82,3
-22.61,-47.1,3
-22.69,-47.16,3
-23.09,-46.81,3
-23.09,-46.82,3
-22.94,-46.94,3
-22.75,-47.18,3
-22.88,-46.75,3
-22.66,-47.27,3
-22.67,-46.98,3
-22.74,-47.3,3
-22.7,-46.91,3
-22.61,-47.05,3
-22.93,-47.35,3
-22.93,-47.36,3
-23.0,-47.11,3
-22.75,-47.04,3
-23.06,-46.98,3
-23.06,-46.99,3
-23.06,-47.01,3
-22.88,-47.03,3
-22.94,-46.9,3
-22.51,-47.14,3
-23.0,-46.79,3
-22.96,-46.97,3
-22.96,-46.98,3
-22.84,-47.18,3
-23.02,-47.24,3
-23.02,-47.25,3
-23.02,-47.29,3
-23.03,-46.88,3
-22.78,-46.96,3
-22.88,-47.22,3
-22.88,-47.27,3
-22.88,-47.29,3
-23.06,-47.27,3
-23.01,-47.22,3
-23.01,-47.26,3
-22.74,-47.41,3
-22.74,-47.51,3
-22.74,-47.21,3
-22.74,-47.22,3
-22.58,-47.14,3
-22.93,-46.97,3
-22.93,-47.03,3
-22.93,-47.11,3
-22.93,-47.13,3
-23.06,-47.2,3
-23.06,-47.22,3
-23.01,-47.28,3
-22.78,-46.97,3
-22.78,-47.1,3
-22.78,-47.14,3
-22.84,-46.94,3
-22.84,-46.97,3
-22.84,-47.3,3
-22.66,-46.9,3
-23.11,-47.25,3
-23.08,-47.2,3
-22.7,-47.01,3
-22.93,-46.71,3
-22.93,-46.76,3
-22.93,-46.87,3
-23.07,-46.75,3
-22.6,-46.99,3
-22.6,-47.01,3
-22.6,-47.03,3
-22.6,-47.08,3
-22.89,-46.76,3
-22.55,-46.87,3
-22.49,-47.13,3
-22.65,-47.07,3
-23.11,-47.0,3
-22.57,-46.99,3
-22.83,-47.13,3
-23.0,-47.35,3
-23.17,-47.13,3
-22.52,-47.11,3
-22.71,-46.97,3
-23.08,-47.16,3
-22.55,-47.04,3
-22.74,-47.05,3
-22.88,-47.34,3
-23.03,-46.8,3
-23.03,-46.84,3
-22.84,-46.87,3
-23.16,-47.16,3
-22.97,-46.9,3
-23.11,-47.22,3
-22.64,-47.07,3
-22.83,-46.99,3
-22.98,-46.79,3
-22.71,-47.08,3
-22.71,-47.21,3
-22.92,-47.04,3
-22.73,-47.35,3
-22.73,-47.46,3
-22.73,-47.5,3
-22.74,-46.87,3
-22.89,-46.8,3
-22.64,-47.1,3
-22.64,-47.15,3
-22.64,-47.19,3
-22.83,-47.03,3
-22.83,-47.05,3
-23.04,-47.1,3
-22.61,-46.93,3
-23.08,-46.85,3
-23.08,-47.01,3
-22.91,-47.33,3
-23.01,-47.02,3
-22.73,-47.21,3
-22.73,-47.09,3
-23.01,-46.92,3
-23.01,-46.93,3
-22.79,-47.3,3
-22.79,-47.31,3
-22.79,-47.45,3
-22.79,-47.26,3
-23.04,-47.03,3
-22.83,-47.31,3
-22.83,-46.94,3
-22.82,-47.29,3
-22.8,-47.06,3
-23.03,-47.19,3
-22.89,-47.44,3
-23.07,-46.84,3
-23.07,-46.98,3
-22.73,-46.87,3
-22.53,-47.2,3
-22.54,-47.1,3
-22.97,-47.31,3
-22.64,-47.24,3
-22.62,-47.06,3
-23.13,-47.18,3
-22.8,-46.88,3
-22.8,-46.9,3
-22.8,-46.93,3
-22.82,-47.25,3
-22.99,-47.03,3
-22.98,-47.03,3
-22.6,-47.15,3
-22.6,-47.17,3
-22.6,-47.18,3
-23.01,-46.95,3
-23.01,-46.96,3
-22.91,-46.98,3
-22.73,-46.94,3
-22.72,-47.24,3
-22.9,-47.0,3
-22.83,-46.88,3
-22.99,-47.32,3
-22.98,-47.14,3
-22.98,-47.16,3
-22.99,-46.82,3
-23.01,-46.86,3
-22.91,-46.76,3
-22.72,-47.08,3
-23.07,-47.28,3
-22.82,-47.08,3
-23.04,-46.75,3
-22.81,-46.92,3
-22.57,-47.08,3
-22.81,-47.24,3
-22.81,-47.5,3
-22.63,-47.04,3
-23.14,-47.16,3
-22.98,-47.37,3
-22.63,-47.19,3
-23.12,-47.17,3
-23.05,-47.11,3
-23.05,-47.21,3
-22.86,-47.27,3
-22.86,-46.84,3
-23.18,-47.21,3
-22.49,-47.22,3
-23.18,-47.25,3
-22.46,-47.23,3
-22.8,-47.5,3
-22.81,-47.27,3
-23.03,-47.29,3
-22.45,-47.2,3
-22.46,-47.17,3
-22.43,-47.21,3
-22.99,-46.78,3
-22.99,-46.79,3
-23.19,-47.15,2
-22.46,-47.2,2
-22.81,-47.1,2
-22.81,-47.19,2
-22.8,-47.51,2
-22.81,-46.84,2
-23.03,-47.31,2
-23.03,-47.32,2
-22.99,-46.92,2
-22.99,-47.0,2
-22.99,-47.02,2
-22.62,-47.13,2
-22.62,-47.19,2
-22.8,-47.33,2
-22.82,-46.86,2
-22.82,-46.85,2
-22.63,-47.01,2
-23.12,-47.16,2
-22.63,-47.12,2
-22.98,-47.35,2
-22.99,-47.14,2
-22.82,-47.23,2
-22.82,-47.22,2
-22.8,-46.99,2
-23.04,-46.95,2
-23.04,-46.91,2
-23.04,-46.88,2
-22.81,-47.43,2
-22.8,-46.86,2
-22.9,-47.09,2
-22.89,-47.4,2
-22.9,-46.95,2
-22.9,-46.93,2
-22.9,-46.85,2
-22.72,-47.25,2
-22.73,-46.92,2
-22.54,-47.11,2
-23.01,-46.94,2
-22.61,-46.87,2
-22.91,-46.88,2
-22.91,-46.86,2
-22.9,-47.28,2
-22.72,-47.28,2
-22.9,-46.79,2
-22.9,-46.77,2
-22.73,-47.15,2
-23.01,-47.01,2
-23.01,-46.98,2
-22.92,-46.69,2
-22.91,-47.39,2
-22.91,-47.34,2
-22.91,-47.32,2
-22.91,-47.3,2
-22.91,-47.29,2
-23.08,-47.11,2
-22.54,-47.09,2
-22.53,-47.23,2
-22.9,-46.72,2
-22.73,-46.89,2
-22.72,-47.45,2
-23.07,-47.0,2
-22.89,-47.15,2
-22.89,-47.01,2
-22.73,-47.34,2
-22.73,-47.32,2
-22.92,-47.0,2
-22.92,-46.9,2
-22.92,-46.87,2
-23.08,-47.29,2
-22.92,-46.7,2
-23.07,-46.82,2
-22.73,-47.1,2
-22.73,-47.07,2
-22.73,-47.25,2
-22.73,-47.24,2
-22.73,-47.23,2
-22.73,-47.16,2
-22.89,-46.9,2
-22.89,-46.88,2
-22.89,-46.85,2
-22.89,-46.84,2
-22.74,-46.94,2
-22.74,-46.9,2
-22.55,-47.07,2
-23.0,-47.3,2
-22.92,-47.1,2
-22.52,-47.13,2
-23.17,-47.12,2
-23.01,-46.76,2
-22.91,-47.28,2
-22.89,-47.26,2
-22.89,-46.82,2
-22.89,-47.2,2
-22.89,-46.71,2
-22.89,-46.7,2
-22.6,-47.06,2
-23.15,-47.18,2
-22.93,-46.92,2
-22.93,-46.89,2
-22.93,-46.7,2
-22.93,-46.69,2
-22.7,-46.99,2
-22.7,-46.95,2
-22.7,-46.94,2
-23.08,-47.26,2
-23.08,-47.24,2
-22.89,-46.96,2
-22.89,-46.95,2
-22.89,-46.93,2
-22.88,-47.08,2
-22.88,-47.23,2
-22.88,-47.2,2
-23.01,-47.3,2
-23.06,-47.23,2
-22.74,-47.1,2
-22.74,-47.34,2
-22.93,-46.95,2
-22.69,-47.38,2
-22.69,-47.29,2
-23.09,-47.17,2
-23.09,-47.12,2
-23.09,-47.11,2
-22.55,-46.97,2
-22.55,-46.89,2
-22.89,-46.79,2
-22.74,-47.37,2
-23.06,-46.97,2
-22.75,-47.05,2
-22.93,-47.39,2
-22.93,-47.34,2
-22.93,-47.33,2
-22.93,-47.32,2
-23.16,-47.29,2
-23.16,-47.26,2
-22.7,-46.88,2
-22.93,-47.25,2
-22.93,-46.68,2
-22.74,-47.2,2
-22.74,-47.48,2
-23.01,-47.21,2
-23.01,-47.2,2
-22.75,-47.19,2
-22.75,-47.16,2
-22.75,-47.12,2
-22.75,-47.11,2
-22.94,-46.95,2
-23.09,-46.79,2
-23.09,-46.77,2
-23.16,-47.25,2
-22.51,-47.24,2
-22.94,-46.86,2
-22.94,-46.75,2
-22.87,-47.33,2
-22.88,-46.99,2
-22.88,-46.98,2
-22.88,-46.89,2
-22.88,-46.88,2
-23.06,-46.77,2
-22.87,-46.88,2
-22.87,-46.85,2
-22.87,-46.84,2
-22.94,-47.29,2
-22.94,-47.13,2
-22.51,-47.13,2
-22.69,-47.11,2
-22.69,-47.06,2
-23.09,-47.0,2
-22.94,-46.98,2
-22.75,-47.4,2
-22.56,-46.9,2
-22.55,-47.22,2
-22.87,-47.29,2
-22.87,-47.42,2
-23.02,-46.76,2
-23.01,-47.35,2
-22.76,-46.98,2
-22.95,-46.98,2
-22.69,-46.89,2
-22.69,-46.88,2
-22.68,-47.36,2
-23.1,-46.82,2
-23.1,-46.81,2
-22.95,-46.79,2
-22.55,-47.12,2
-22.75,-47.38,2
-22.75,-47.35,2
-22.75,-47.34,2
-22.75,-47.32,2
-23.06,-46.78,2
-23.06,-46.85,2
-22.76,-47.15,2
-22.76,-47.09,2
-22.56,-47.1,2
-22.56,-47.08,2
-22.56,-46.95,2
-22.95,-47.16,2
-23.09,-47.25,2
-23.09,-47.23,2
-23.09,-47.19,2
-23.09,-47.18,2
-22.68,-47.09,2
-22.95,-47.0,2
-23.02,-46.82,2
-23.02,-46.79,2
-23.02,-46.77,2
-22.59,-47.17,2
-22.59,-47.14,2
-22.77,-46.91,2
-22.86,-47.07,2
-23.02,-46.97,2
-23.02,-46.88,2
-22.95,-47.06,2
-23.0,-47.01,2
-23.0,-46.92,2
-23.1,-47.25,2
-23.1,-47.23,2
-22.67,-47.28,2
-22.67,-47.27,2
-22.87,-46.75,2
-22.86,-47.46,2
-22.87,-46.96,2
-22.86,-46.97,2
-22.86,-46.96,2
-22.77,-46.96,2
-22.77,-47.1,2
-23.1,-47.12,2
-22.67,-47.1,2
-22.5,-47.07,2
-22.49,-47.16,2
-22.86,-46.92,2
-22.86,-46.87,2
-22.86,-46.85,2
-22.77,-46.88,2
-22.77,-46.86,2
-23.05,-47.2,2
-23.05,-47.14,2
-23.05,-47.13,2
-22.59,-47.04,2
-22.85,-47.04,2
-22.85,-47.52,2
-23.05,-47.23,2
-22.77,-47.34,2
-23.02,-47.15,2
-23.02,-47.12,2
-23.02,-47.11,2
-22.95,-47.39,2
-23.0,-47.03,2
-22.96,-46.88,2
-22.96,-46.84,2
-22.62,-46.98,2
-22.62,-46.93,2
-23.02,-47.19,2
-22.86,-46.98,2
-22.59,-46.88,2
-22.78,-46.95,2
-22.78,-46.94,2
-22.78,-46.9,2
-22.96,-46.82,2
-22.96,-46.81,2
-22.96,-47.2,2
-22.96,-47.19,2
-22.66,-47.03,2
-22.67,-47.01,2
-22.85,-47.18,2
-23.02,-47.18,2
-22.77,-47.18,2
-23.05,-46.96,2
-23.05,-46.88,2
-22.59,-47.05,2
-22.84,-47.53,2
-22.78,-46.88,2
-22.78,-46.87,2
-22.96,-47.0,2
-23.0,-46.78,2
-22.99,-47.35,2
-22.96,-47.29,2
-22.66,-47.19,2
-22.66,-47.11,2
-22.66,-47.06,2
-22.85,-46.98,2
-22.85,-46.97,2
-22.85,-46.95,2
-22.85,-46.93,2
-22.59,-47.03,2
-22.59,-47.02,2
-23.05,-46.86,2
-23.04,-47.23,2
-23.02,-47.3,2
-23.02,-47.22,2
-23.02,-47.21,2
-23.03,-46.74,2
-22.97,-46.94,2
-22.97,-46.93,2
-22.97,-46.92,2
-22.66,-47.0,2
-22.66,-46.99,2
-22.96,-47.33,2
-23.0,-46.87,2
-23.0,-46.85,2
-22.85,-46.85,2
-22.85,-46.83,2
-22.83,-47.39,2
-22.83,-47.38,2
-22.58,-47.11,2
-22.58,-47.1,2
-22.58,-47.06,2
-22.84,-46.8,2
-22.97,-46.77,2
-22.97,-47.18,2
-22.65,-47.12,2
-23.17,-47.23,2
-22.49,-47.12,2
-22.49,-47.09,2
-22.84,-47.4,2
-22.78,-47.25,2
-22.78,-47.21,2
-23.05,-46.87,2
-22.79,-46.99,2
-23.04,-47.11,2
-23.04,-47.09,2
-23.04,-47.08,2
-23.03,-47.24,2
-23.11,-47.2,2
-23.11,-47.18,2
-22.97,-46.89,2
-22.97,-46.84,2
-23.16,-47.17,2
-22.84,-46.84,2
-22.79,-46.96,2
-22.79,-46.92,2
-22.79,-46.91,2
-22.79,-46.89,2
-23.03,-46.98,2
-22.83,-46.86,2
-23.03,-47.26,2
-22.8,-46.96,2
-22.8,-46.91,2
-22.8,-46.89,2
-22.98,-46.93,2
-22.98,-46.87,2
-22.98,-46.86,2
-23.13,-47.26,2
-23.13,-47.16,2
-22.98,-46.75,2
-22.83,-46.98,2
-22.83,-46.93,2
-22.83,-46.9,2
-22.79,-47.07,2
-22.79,-47.0,2
-23.03,-47.22,2
-23.03,-47.18,2
-23.03,-47.14,2
-23.03,-47.12,2
-22.8,-46.84,2
-22.8,-47.09,2
-22.8,-47.0,2
-22.82,-46.96,2
-22.98,-47.33,2
-22.98,-46.84,2
-22.64,-47.05,2
-22.64,-47.01,2
-22.64,-46.9,2
-23.12,-47.25,2
-22.98,-47.0,2
-22.98,-46.99,2
-23.21,-47.12,2
-23.2,-47.15,2
-22.43,-47.19,2
-22.99,-46.88,2
-22.99,-46.81,2
-22.99,-46.75,2
-22.62,-47.1,2
-22.63,-47.11,2
-22.57,-47.17,2
-22.57,-47.15,2
-22.57,-47.14,2
-22.57,-47.11,2
-23.04,-46.78,2
-23.04,-46.73,2
-22.82,-46.97,2
-22.8,-47.34,2
-22.9,-47.25,2
-22.72,-46.96,2
-22.72,-46.93,2
-23.08,-46.78,2
-22.53,-47.09,2
-22.91,-46.85,2
-22.91,-46.84,2
-22.91,-46.8,2
-22.91,-46.79,2
-22.91,-46.74,2
-22.91,-46.72,2
-23.01,-46.88,2
-23.01,-46.87,2
-23.01,-46.8,2
-23.07,-47.17,2
-23.07,-47.16,2
-22.97,-46.83,1
-23.17,-47.24,1
-23.18,-47.12,1
-23.18,-47.15,1
-23.0,-46.89,1
-22.96,-47.24,1
-22.99,-47.38,1
-23.0,-46.77,1
-23.0,-46.8,1
-22.96,-47.14,1
-22.96,-46.85,1
-22.96,-46.86,1
-22.96,-46.89,1
-22.96,-46.9,1
-22.96,-46.91,1
-22.96,-46.96,1
-23.1,-47.21,1
-23.1,-47.22,1
-22.62,-46.88,1
-22.66,-47.28,1
-22.67,-46.91,1
-22.67,-46.99,1
-22.66,-47.04,1
-22.66,-47.05,1
-22.66,-47.12,1
-22.66,-47.02,1
-22.65,-47.01,1
-22.65,-47.06,1
-22.65,-47.09,1
-22.64,-47.26,1
-23.11,-46.99,1
-23.11,-47.23,1
-23.09,-47.13,1
-22.7,-46.89,1
-22.69,-46.95,1
-22.69,-47.12,1
-23.1,-46.77,1
-23.1,-46.79,1
-23.1,-46.85,1
-22.68,-47.28,1
-22.68,-46.93,1
-22.67,-47.08,1
-22.67,-47.04,1
-23.1,-47.0,1
-23.1,-47.14,1
-23.1,-47.18,1
-23.1,-47.19,1
-23.1,-47.2,1
-23.07,-47.23,1
-23.07,-47.25,1
-22.6,-47.23,1
-23.08,-47.03,1
-23.08,-47.09,1
-23.08,-47.1,1
-22.71,-47.27,1
-22.71,-47.09,1
-22.71,-47.1,1
-23.09,-46.75,1
-22.71,-46.93,1
-22.71,-46.94,1
-23.08,-47.21,1
-23.08,-47.23,1
-22.7,-46.98,1
-23.09,-47.09,1
-23.07,-46.76,1
-23.07,-46.77,1
-23.15,-47.16,1
-22.6,-47.04,1
-22.74,-46.92,1
-22.74,-47.09,1
-22.73,-47.31,1
-23.07,-47.1,1
-23.07,-46.83,1
-23.07,-46.88,1
-23.07,-46.96,1
-23.07,-47.26,1
-23.07,-47.27,1
-23.08,-46.76,1
-22.72,-46.89,1
-23.07,-47.18,1
-22.75,-47.21,1
-22.75,-47.42,1
-23.15,-47.15,1
-23.06,-47.17,1
-22.75,-46.93,1
-22.75,-46.95,1
-23.06,-47.11,1
-22.74,-47.38,1
-22.74,-47.4,1
-22.75,-46.88,1
-22.75,-46.9,1
-23.07,-46.8,1
-23.07,-46.81,1
-22.74,-47.32,1
-22.74,-47.11,1
-23.06,-47.19,1
-22.76,-47.42,1
-22.77,-46.85,1
-22.77,-46.87,1
-22.59,-47.07,1
-22.59,-47.11,1
-22.76,-47.18,1
-23.06,-46.94,1
-23.06,-46.96,1
-22.76,-46.95,1
-22.76,-46.96,1
-22.76,-46.87,1
-22.76,-46.91,1
-22.76,-46.93,1
-22.76,-46.94,1
-23.05,-47.29,1
-23.06,-46.84,1
-22.78,-46.93,1
-22.58,-47.24,1
-22.59,-47.01,1
-23.05,-46.89,1
-23.05,-46.91,1
-23.05,-46.99,1
-23.05,-47.0,1
-23.05,-47.02,1
-22.77,-47.16,1
-22.77,-47.17,1
-22.77,-46.94,1
-23.05,-47.15,1
-23.05,-47.18,1
-22.76,-47.34,1
-22.76,-47.35,1
-22.76,-47.41,1
-22.79,-46.85,1
-22.79,-46.88,1
-22.79,-46.94,1
-22.79,-46.97,1
-22.58,-47.07,1
-22.58,-47.09,1
-22.58,-47.19,1
-23.04,-47.24,1
-23.04,-47.25,1
-23.05,-46.81,1
-23.05,-46.82,1
-22.78,-46.98,1
-23.05,-47.06,1
-22.77,-47.5,1
-22.78,-46.85,1
-22.78,-46.91,1
-22.81,-46.97,1
-22.57,-47.23,1
-22.58,-46.87,1
-23.04,-46.89,1
-23.04,-46.9,1
-23.04,-46.98,1
-22.8,-46.98,1
-22.8,-47.01,1
-22.8,-47.07,1
-22.8,-47.08,1
-23.04,-47.15,1
-22.79,-47.27,1
-22.79,-47.29,1
-23.04,-47.12,1
-22.79,-47.08,1
-22.78,-47.5,1
-23.04,-46.82,1
-22.81,-47.41,1
-22.57,-47.05,1
-22.57,-47.06,1
-22.57,-47.12,1
-22.57,-47.19,1
-23.04,-46.74,1
-23.04,-46.79,1
-23.04,-46.8,1
-22.81,-47.0,1
-22.81,-47.09,1
-22.81,-46.83,1
-22.81,-46.87,1
-22.81,-46.9,1
-22.81,-46.91,1
-22.81,-46.96,1
-22.84,-46.79,1
-22.57,-46.92,1
-23.03,-46.91,1
-23.03,-46.97,1
-22.83,-46.96,1
-22.83,-47.0,1
-23.03,-47.25,1
-22.83,-46.87,1
-23.03,-47.2,1
-22.82,-47.27,1
-22.82,-46.98,1
-22.82,-46.99,1
-22.82,-47.07,1
-22.82,-46.89,1
-22.82,-46.9,1
-23.04,-46.81,1
-22.86,-46.79,1
-23.15,-47.28,1
-23.02,-47.14,1
-22.85,-47.16,1
-22.85,-47.2,1
-22.85,-46.88,1
-22.85,-46.91,1
-23.02,-47.34,1
-23.03,-46.72,1
-22.85,-46.87,1
-22.84,-47.17,1
-22.84,-47.19,1
-23.03,-46.76,1
-23.03,-46.77,1
-23.03,-46.83,1
-22.84,-46.98,1
-22.86,-47.45,1
-22.86,-47.48,1
-22.87,-46.77,1
-22.56,-47.0,1
-22.56,-47.15,1
-23.02,-46.89,1
-23.02,-46.92,1
-23.02,-46.93,1
-23.02,-46.98,1
-23.02,-46.99,1
-23.02,-47.01,1
-22.86,-47.06,1
-22.86,-46.86,1
-22.86,-47.04,1
-23.02,-47.2,1
-22.86,-46.76,1
-22.87,-47.21,1
-22.87,-47.22,1
-22.87,-47.24,1
-22.87,-47.3,1
-22.55,-47.14,1
-22.56,-46.94,1
-22.87,-47.05,1
-23.02,-46.73,1
-23.02,-46.74,1
-23.02,-46.75,1
-23.02,-46.8,1
-23.02,-46.81,1
-22.87,-46.86,1
-22.87,-46.92,1
-22.87,-46.98,1
-22.87,-47.03,1
-22.89,-46.75,1
-22.55,-46.96,1
-23.01,-47.29,1
-22.88,-47.28,1
-22.88,-47.0,1
-22.88,-47.05,1
-22.88,-47.07,1
-23.01,-47.17,1
-22.88,-46.83,1
-22.88,-46.86,1
-22.88,-46.9,1
-22.88,-46.93,1
-22.87,-47.43,1
-22.88,-46.72,1
-22.88,-46.73,1
-22.88,-46.76,1
-22.9,-46.68,1
-22.9,-46.73,1
-22.9,-46.74,1
-22.9,-46.76,1
-22.89,-47.28,1
-22.89,-47.09,1
-22.89,-47.16,1
-22.89,-47.17,1
-22.89,-46.83,1
-22.89,-46.89,1
-22.89,-46.92,1
-22.89,-46.94,1
-22.89,-46.97,1
-22.89,-46.98,1
-22.89,-46.69,1
-22.89,-46.72,1
-22.91,-46.78,1
-22.91,-46.87,1
-22.91,-46.89,1
-22.52,-47.24,1
-22.53,-47.1,1
-22.9,-47.32,1
-22.9,-47.04,1
-22.9,-47.1,1
-22.9,-47.2,1
-22.9,-47.24,1
-22.9,-46.81,1
-22.9,-46.82,1
-22.9,-46.87,1
-22.9,-46.89,1
-22.9,-46.9,1
-23.01,-47.15,1
-23.0,-47.31,1
-23.0,-47.32,1
-22.92,-46.8,1
-22.92,-46.85,1
-22.92,-46.86,1
-22.92,-46.91,1
-22.92,-47.07,1
-22.92,-47.08,1
-22.91,-47.08,1
-22.91,-46.99,1
-22.91,-47.04,1
-22.91,-47.06,1
-23.01,-46.83,1
-23.01,-46.84,1
-23.01,-46.85,1
-22.91,-46.71,1
-22.94,-46.87,1
-22.51,-47.16,1
-23.16,-47.24,1
-22.93,-47.29,1
-22.93,-47.3,1
-22.93,-47.05,1
-22.93,-47.06,1
-22.93,-47.1,1
-22.93,-46.67,1
-22.93,-46.72,1
-22.93,-46.79,1
-22.93,-46.86,1
-22.93,-46.9,1
-22.93,-46.91,1
-22.92,-47.3,1
-22.92,-47.11,1
-22.95,-46.83,1
-22.95,-46.85,1
-22.51,-47.06,1
-22.51,-47.11,1
-22.94,-47.1,1
-22.94,-47.12,1
-22.94,-47.28,1
-22.94,-47.31,1
-22.94,-46.7,1
-22.94,-46.72,1
-22.94,-46.76,1
-22.94,-46.77,1
-22.94,-46.78,1
-22.94,-46.81,1
-22.94,-46.82,1
-22.94,-46.85,1
-22.95,-47.32,1
-22.95,-47.35,1
-22.95,-47.37,1
-22.96,-46.71,1
-22.96,-46.72,1
-22.96,-46.76,1
-23.0,-46.93,1
-23.0,-46.97,1
-22.95,-46.87,1
-22.95,-46.89,1
-22.95,-46.9,1
-22.95,-46.91,1
-22.95,-46.95,1
-22.94,-47.33,1
-22.95,-46.73,1
-22.95,-46.82,1
-23.2,-47.14,1
-22.48,-47.09,1
-22.49,-47.07,1
-22.49,-47.08,1
-22.99,-46.99,1
-22.98,-47.4,1
-22.99,-46.87,1
-22.98,-46.83,1
-22.98,-46.85,1
-22.98,-46.74,1
-22.98,-46.81,1
-22.99,-47.31,1
-22.97,-47.15,1
-22.97,-47.19,1
-22.97,-46.79,1
-22.97,-46.81,1
-22.64,-47.06,1
-22.62,-47.07,1
-22.62,-47.08,1
-22.63,-47.25,1
-22.64,-47.02,1
-22.63,-47.13,1
-22.63,-47.17,1
-22.63,-47.05,1
-23.14,-47.14,1
-22.62,-47.25,1
-23.22,-47.12,1
-22.45,-47.17,1
-22.47,-47.12,1
-23.19,-47.12,1
-23.19,-47.13,1
-23.19,-47.14,1
